No,Service,Zone,Location,H1,URL,SEO Title,Meta Description
1,School Yoga,North,Sadashivanagar,"School Yoga Classes in Sadashivanagar, Bangalore",https://yoga1hour.com/blog/sadashivanagar-school-yoga-bangalore/,"School Yoga in Sadashivanagar, Bangalore | Yoga 1 Hour","Explore Yoga 1 Hour school yoga sessions in Sadashivanagar, Bangalore, designed for children with age-appropriate yoga, breathing, awareness and healthy routines."
2,School Yoga,North,Dollars Colony,"Yoga For School Children in Dollars Colony, Bangalore",https://yoga1hour.com/blog/dollars-colony-school-yoga-bangalore/,"School Yoga in Dollars Colony, Bangalore | Yoga 1 Hour","Explore Yoga 1 Hour school yoga sessions in Dollars Colony, Bangalore, designed for children with age-appropriate yoga, breathing, awareness and healthy routines."
3,School Yoga,North,RMV Extension,"Kids Yoga Classes in RMV Extension, Bangalore",https://yoga1hour.com/blog/rmv-extension-school-yoga-bangalore/,"School Yoga in RMV Extension, Bangalore | Yoga 1 Hour","Explore Yoga 1 Hour school yoga sessions in RMV Extension, Bangalore, designed for children with age-appropriate yoga, breathing, awareness and healthy routines."
4,School Yoga,North,Sanjay Nagar / Hebbal,"School Wellness Yoga in Sanjay Nagar / Hebbal, Bangalore",https://yoga1hour.com/blog/sanjay-nagar-hebbal-school-yoga-bangalore/,"School Yoga in Sanjay Nagar / Hebbal, Bangalore | Yoga 1 Hour","Explore Yoga 1 Hour school yoga sessions in Sanjay Nagar / Hebbal, Bangalore, designed for children with age-appropriate yoga, breathing, awareness and healthy routines."
5,School Yoga,North,Jakkur - Yelahanka,"Yoga For Student Focus And Concentration in Jakkur - Yelahanka, Bangalore",https://yoga1hour.com/blog/jakkur-yelahanka-school-yoga-bangalore/,"School Yoga in Jakkur - Yelahanka, Bangalore | Yoga 1 Hour","Explore Yoga 1 Hour school yoga sessions in Jakkur - Yelahanka, Bangalore, designed for children with age-appropriate yoga, breathing, awareness and healthy routines."
6,School Yoga,North,Sahakar Nagar,"Yoga For Exam Stress in Sahakar Nagar, Bangalore",https://yoga1hour.com/blog/sahakar-nagar-school-yoga-bangalore/,"School Yoga in Sahakar Nagar, Bangalore | Yoga 1 Hour","Explore Yoga 1 Hour school yoga sessions in Sahakar Nagar, Bangalore, designed for children with age-appropriate yoga, breathing, awareness and healthy routines."
7,School Yoga,North,Palace Orchards,"Morning Yoga For School Children in Palace Orchards, Bangalore",https://yoga1hour.com/blog/palace-orchards-school-yoga-bangalore/,"School Yoga in Palace Orchards, Bangalore | Yoga 1 Hour","Explore Yoga 1 Hour school yoga sessions in Palace Orchards, Bangalore, designed for children with age-appropriate yoga, breathing, awareness and healthy routines."
8,School Yoga,North,RT Nagar - Ganga Nagar,"After-School Yoga Programs in RT Nagar - Ganga Nagar, Bangalore",https://yoga1hour.com/blog/rt-nagar-ganga-nagar-school-yoga-bangalore/,"School Yoga in RT Nagar - Ganga Nagar, Bangalore | Yoga 1 Hour","Explore Yoga 1 Hour school yoga sessions in RT Nagar - Ganga Nagar, Bangalore, designed for children with age-appropriate yoga, breathing, awareness and healthy routines."
9,School Yoga,North,Thanisandra,"Small-Batch Yoga For Children in Thanisandra, Bangalore",https://yoga1hour.com/blog/thanisandra-school-yoga-bangalore/,"School Yoga in Thanisandra, Bangalore | Yoga 1 Hour","Explore Yoga 1 Hour school yoga sessions in Thanisandra, Bangalore, designed for children with age-appropriate yoga, breathing, awareness and healthy routines."
10,School Yoga,North,Yelahanka New Town,"Yoga For Healthy Student Routines in Yelahanka New Town, Bangalore",https://yoga1hour.com/blog/yelahanka-new-town-school-yoga-bangalore/,"School Yoga in Yelahanka New Town, Bangalore | Yoga 1 Hour","Explore Yoga 1 Hour school yoga sessions in Yelahanka New Town, Bangalore, designed for children with age-appropriate yoga, breathing, awareness and healthy routines."
11,School Yoga,South,Jayanagar,"School Yoga Classes in Jayanagar, Bangalore",https://yoga1hour.com/blog/jayanagar-school-yoga-bangalore/,"School Yoga in Jayanagar, Bangalore | Yoga 1 Hour","Explore Yoga 1 Hour school yoga sessions in Jayanagar, Bangalore, designed for children with age-appropriate yoga, breathing, awareness and healthy routines."
12,School Yoga,South,JP Nagar 7th Phase,"Yoga For School Children in JP Nagar 7th Phase, Bangalore",https://yoga1hour.com/blog/jp-nagar-7th-phase-school-yoga-bangalore/,"School Yoga in JP Nagar 7th Phase, Bangalore | Yoga 1 Hour","Explore Yoga 1 Hour school yoga sessions in JP Nagar 7th Phase, Bangalore, designed for children with age-appropriate yoga, breathing, awareness and healthy routines."
13,School Yoga,South,Koramangala 3rd & 4th,"Kids Yoga Classes in Koramangala 3rd & 4th, Bangalore",https://yoga1hour.com/blog/koramangala-3rd-4th-school-yoga-bangalore/,"School Yoga in Koramangala 3rd & 4th, Bangalore | Yoga 1 Hour","Explore Yoga 1 Hour school yoga sessions in Koramangala 3rd & 4th, Bangalore, designed for children with age-appropriate yoga, breathing, awareness and healthy routines."
14,School Yoga,South,HSR Layout Sector 1 & 2,"School Wellness Yoga in HSR Layout Sector 1 & 2, Bangalore",https://yoga1hour.com/blog/hsr-layout-sector-1-2-school-yoga-bangalore/,"School Yoga in HSR Layout Sector 1 & 2, Bangalore | Yoga 1 Hour","Explore Yoga 1 Hour school yoga sessions in HSR Layout Sector 1 & 2, Bangalore, designed for children with age-appropriate yoga, breathing, awareness and healthy routines."
15,School Yoga,South,Basavanagudi,"Yoga For Student Focus And Concentration in Basavanagudi, Bangalore",https://yoga1hour.com/blog/basavanagudi-school-yoga-bangalore/,"School Yoga in Basavanagudi, Bangalore | Yoga 1 Hour","Explore Yoga 1 Hour school yoga sessions in Basavanagudi, Bangalore, designed for children with age-appropriate yoga, breathing, awareness and healthy routines."
16,School Yoga,South,Banashankari 2nd Stage,"Yoga For Exam Stress in Banashankari 2nd Stage, Bangalore",https://yoga1hour.com/blog/banashankari-2nd-stage-school-yoga-bangalore/,"School Yoga in Banashankari 2nd Stage, Bangalore | Yoga 1 Hour","Explore Yoga 1 Hour school yoga sessions in Banashankari 2nd Stage, Bangalore, designed for children with age-appropriate yoga, breathing, awareness and healthy routines."
17,School Yoga,South,Padmanabhanagar,"Morning Yoga For School Children in Padmanabhanagar, Bangalore",https://yoga1hour.com/blog/padmanabhanagar-school-yoga-bangalore/,"School Yoga in Padmanabhanagar, Bangalore | Yoga 1 Hour","Explore Yoga 1 Hour school yoga sessions in Padmanabhanagar, Bangalore, designed for children with age-appropriate yoga, breathing, awareness and healthy routines."
18,School Yoga,South,BTM Layout 2nd Stage,"After-School Yoga Programs in BTM Layout 2nd Stage, Bangalore",https://yoga1hour.com/blog/btm-layout-2nd-stage-school-yoga-bangalore/,"School Yoga in BTM Layout 2nd Stage, Bangalore | Yoga 1 Hour","Explore Yoga 1 Hour school yoga sessions in BTM Layout 2nd Stage, Bangalore, designed for children with age-appropriate yoga, breathing, awareness and healthy routines."
19,School Yoga,South,Sarjapur - Palm Meadows,"Small-Batch Yoga For Children in Sarjapur - Palm Meadows, Bangalore",https://yoga1hour.com/blog/sarjapur-palm-meadows-school-yoga-bangalore/,"School Yoga in Sarjapur - Palm Meadows, Bangalore | Yoga 1 Hour","Explore Yoga 1 Hour school yoga sessions in Sarjapur - Palm Meadows, Bangalore, designed for children with age-appropriate yoga, breathing, awareness and healthy routines."
20,School Yoga,South,Arekere - Hulimavu,"Yoga For Healthy Student Routines in Arekere - Hulimavu, Bangalore",https://yoga1hour.com/blog/arekere-hulimavu-school-yoga-bangalore/,"School Yoga in Arekere - Hulimavu, Bangalore | Yoga 1 Hour","Explore Yoga 1 Hour school yoga sessions in Arekere - Hulimavu, Bangalore, designed for children with age-appropriate yoga, breathing, awareness and healthy routines."
21,School Yoga,East,Indiranagar 100ft Road,"School Yoga Classes in Indiranagar 100ft Road, Bangalore",https://yoga1hour.com/blog/indiranagar-100ft-road-school-yoga-bangalore/,"School Yoga in Indiranagar 100ft Road, Bangalore | Yoga 1 Hour","Explore Yoga 1 Hour school yoga sessions in Indiranagar 100ft Road, Bangalore, designed for children with age-appropriate yoga, breathing, awareness and healthy routines."
22,School Yoga,East,Domlur - Defence Colony,"Yoga For School Children in Domlur - Defence Colony, Bangalore",https://yoga1hour.com/blog/domlur-defence-colony-school-yoga-bangalore/,"School Yoga in Domlur - Defence Colony, Bangalore | Yoga 1 Hour","Explore Yoga 1 Hour school yoga sessions in Domlur - Defence Colony, Bangalore, designed for children with age-appropriate yoga, breathing, awareness and healthy routines."
23,School Yoga,East,Whitefield - Palm Meadows,"Kids Yoga Classes in Whitefield - Palm Meadows, Bangalore",https://yoga1hour.com/blog/whitefield-palm-meadows-school-yoga-bangalore/,"School Yoga in Whitefield - Palm Meadows, Bangalore | Yoga 1 Hour","Explore Yoga 1 Hour school yoga sessions in Whitefield - Palm Meadows, Bangalore, designed for children with age-appropriate yoga, breathing, awareness and healthy routines."
24,School Yoga,East,Sarjapur Road,"School Wellness Yoga in Sarjapur Road, Bangalore",https://yoga1hour.com/blog/sarjapur-road-school-yoga-bangalore/,"School Yoga in Sarjapur Road, Bangalore | Yoga 1 Hour","Explore Yoga 1 Hour school yoga sessions in Sarjapur Road, Bangalore, designed for children with age-appropriate yoga, breathing, awareness and healthy routines."
25,School Yoga,East,Old Airport Road,"Yoga For Student Focus And Concentration in Old Airport Road, Bangalore",https://yoga1hour.com/blog/old-airport-road-school-yoga-bangalore/,"School Yoga in Old Airport Road, Bangalore | Yoga 1 Hour","Explore Yoga 1 Hour school yoga sessions in Old Airport Road, Bangalore, designed for children with age-appropriate yoga, breathing, awareness and healthy routines."
26,School Yoga,East,CV Raman Nagar,"Yoga For Exam Stress in CV Raman Nagar, Bangalore",https://yoga1hour.com/blog/cv-raman-nagar-school-yoga-bangalore/,"School Yoga in CV Raman Nagar, Bangalore | Yoga 1 Hour","Explore Yoga 1 Hour school yoga sessions in CV Raman Nagar, Bangalore, designed for children with age-appropriate yoga, breathing, awareness and healthy routines."
27,School Yoga,East,Varthur - Prestige Acropolis,"Morning Yoga For School Children in Varthur - Prestige Acropolis, Bangalore",https://yoga1hour.com/blog/varthur-prestige-acropolis-school-yoga-bangalore/,School Yoga in Varthur - Prestige Acropolis | Yoga 1 Hour,"Explore Yoga 1 Hour school yoga sessions in Varthur - Prestige Acropolis, Bangalore, designed for children with age-appropriate yoga, breathing, awareness and healthy routines."
28,School Yoga,East,Jeevan Bhimanagar,"After-School Yoga Programs in Jeevan Bhimanagar, Bangalore",https://yoga1hour.com/blog/jeevan-bhimanagar-school-yoga-bangalore/,"School Yoga in Jeevan Bhimanagar, Bangalore | Yoga 1 Hour","Explore Yoga 1 Hour school yoga sessions in Jeevan Bhimanagar, Bangalore, designed for children with age-appropriate yoga, breathing, awareness and healthy routines."
29,School Yoga,East,Marathahalli - ECC Road,"Small-Batch Yoga For Children in Marathahalli - ECC Road, Bangalore",https://yoga1hour.com/blog/marathahalli-ecc-road-school-yoga-bangalore/,"School Yoga in Marathahalli - ECC Road, Bangalore | Yoga 1 Hour","Explore Yoga 1 Hour school yoga sessions in Marathahalli - ECC Road, Bangalore, designed for children with age-appropriate yoga, breathing, awareness and healthy routines."
30,School Yoga,East,Brookefield - AECS,"Yoga For Healthy Student Routines in Brookefield - AECS, Bangalore",https://yoga1hour.com/blog/brookefield-aecs-school-yoga-bangalore/,"School Yoga in Brookefield - AECS, Bangalore | Yoga 1 Hour","Explore Yoga 1 Hour school yoga sessions in Brookefield - AECS, Bangalore, designed for children with age-appropriate yoga, breathing, awareness and healthy routines."
31,School Yoga,West,Rajajinagar 2nd & 1st,"School Yoga Classes in Rajajinagar 2nd & 1st, Bangalore",https://yoga1hour.com/blog/rajajinagar-2nd-1st-school-yoga-bangalore/,"School Yoga in Rajajinagar 2nd & 1st, Bangalore | Yoga 1 Hour","Explore Yoga 1 Hour school yoga sessions in Rajajinagar 2nd & 1st, Bangalore, designed for children with age-appropriate yoga, breathing, awareness and healthy routines."
32,School Yoga,West,Malleshwaram,"Yoga For School Children in Malleshwaram, Bangalore",https://yoga1hour.com/blog/malleshwaram-school-yoga-bangalore/,"School Yoga in Malleshwaram, Bangalore | Yoga 1 Hour","Explore Yoga 1 Hour school yoga sessions in Malleshwaram, Bangalore, designed for children with age-appropriate yoga, breathing, awareness and healthy routines."
33,School Yoga,West,Basaveshwaranagar,"Kids Yoga Classes in Basaveshwaranagar, Bangalore",https://yoga1hour.com/blog/basaveshwaranagar-school-yoga-bangalore/,"School Yoga in Basaveshwaranagar, Bangalore | Yoga 1 Hour","Explore Yoga 1 Hour school yoga sessions in Basaveshwaranagar, Bangalore, designed for children with age-appropriate yoga, breathing, awareness and healthy routines."
34,School Yoga,West,Raj Mahal Vilas Layout,"School Wellness Yoga in Raj Mahal Vilas Layout, Bangalore",https://yoga1hour.com/blog/raj-mahal-vilas-layout-school-yoga-bangalore/,"School Yoga in Raj Mahal Vilas Layout, Bangalore | Yoga 1 Hour","Explore Yoga 1 Hour school yoga sessions in Raj Mahal Vilas Layout, Bangalore, designed for children with age-appropriate yoga, breathing, awareness and healthy routines."
35,School Yoga,West,Vijayanagar,"Yoga For Student Focus And Concentration in Vijayanagar, Bangalore",https://yoga1hour.com/blog/vijayanagar-school-yoga-bangalore/,"School Yoga in Vijayanagar, Bangalore | Yoga 1 Hour","Explore Yoga 1 Hour school yoga sessions in Vijayanagar, Bangalore, designed for children with age-appropriate yoga, breathing, awareness and healthy routines."
36,School Yoga,West,Banashankari 1st Stage,"Yoga For Exam Stress in Banashankari 1st Stage, Bangalore",https://yoga1hour.com/blog/banashankari-1st-stage-school-yoga-bangalore/,"School Yoga in Banashankari 1st Stage, Bangalore | Yoga 1 Hour","Explore Yoga 1 Hour school yoga sessions in Banashankari 1st Stage, Bangalore, designed for children with age-appropriate yoga, breathing, awareness and healthy routines."
37,School Yoga,West,Nagarbhavi 2nd Stage,"Morning Yoga For School Children in Nagarbhavi 2nd Stage, Bangalore",https://yoga1hour.com/blog/nagarbhavi-2nd-stage-school-yoga-bangalore/,"School Yoga in Nagarbhavi 2nd Stage, Bangalore | Yoga 1 Hour","Explore Yoga 1 Hour school yoga sessions in Nagarbhavi 2nd Stage, Bangalore, designed for children with age-appropriate yoga, breathing, awareness and healthy routines."
38,School Yoga,West,Kumaraswamy Layout,"After-School Yoga Programs in Kumaraswamy Layout, Bangalore",https://yoga1hour.com/blog/kumaraswamy-layout-school-yoga-bangalore/,"School Yoga in Kumaraswamy Layout, Bangalore | Yoga 1 Hour","Explore Yoga 1 Hour school yoga sessions in Kumaraswamy Layout, Bangalore, designed for children with age-appropriate yoga, breathing, awareness and healthy routines."
39,School Yoga,West,Uttarahalli,"Small-Batch Yoga For Children in Uttarahalli, Bangalore",https://yoga1hour.com/blog/uttarahalli-school-yoga-bangalore/,"School Yoga in Uttarahalli, Bangalore | Yoga 1 Hour","Explore Yoga 1 Hour school yoga sessions in Uttarahalli, Bangalore, designed for children with age-appropriate yoga, breathing, awareness and healthy routines."
40,School Yoga,West,RR Nagar - Ideal Homes,"Yoga For Healthy Student Routines in RR Nagar - Ideal Homes, Bangalore",https://yoga1hour.com/blog/rr-nagar-ideal-homes-school-yoga-bangalore/,"School Yoga in RR Nagar - Ideal Homes, Bangalore | Yoga 1 Hour","Explore Yoga 1 Hour school yoga sessions in RR Nagar - Ideal Homes, Bangalore, designed for children with age-appropriate yoga, breathing, awareness and healthy routines."
41,School Yoga,Central,Lavelle Road,"School Yoga Classes in Lavelle Road, Bangalore",https://yoga1hour.com/blog/lavelle-road-school-yoga-bangalore/,"School Yoga in Lavelle Road, Bangalore | Yoga 1 Hour","Explore Yoga 1 Hour school yoga sessions in Lavelle Road, Bangalore, designed for children with age-appropriate yoga, breathing, awareness and healthy routines."
42,School Yoga,Central,Vittal Mallya Road,"Yoga For School Children in Vittal Mallya Road, Bangalore",https://yoga1hour.com/blog/vittal-mallya-road-school-yoga-bangalore/,"School Yoga in Vittal Mallya Road, Bangalore | Yoga 1 Hour","Explore Yoga 1 Hour school yoga sessions in Vittal Mallya Road, Bangalore, designed for children with age-appropriate yoga, breathing, awareness and healthy routines."
43,School Yoga,Central,Richmond & Langford Town,"Kids Yoga Classes in Richmond & Langford Town, Bangalore",https://yoga1hour.com/blog/richmond-langford-town-school-yoga-bangalore/,"School Yoga in Richmond & Langford Town, Bangalore | Yoga 1 Hour","Explore Yoga 1 Hour school yoga sessions in Richmond & Langford Town, Bangalore, designed for children with age-appropriate yoga, breathing, awareness and healthy routines."
44,School Yoga,Central,Cunningham Road,"School Wellness Yoga in Cunningham Road, Bangalore",https://yoga1hour.com/blog/cunningham-road-school-yoga-bangalore/,"School Yoga in Cunningham Road, Bangalore | Yoga 1 Hour","Explore Yoga 1 Hour school yoga sessions in Cunningham Road, Bangalore, designed for children with age-appropriate yoga, breathing, awareness and healthy routines."
45,School Yoga,Central,MG Road - St Marks,"Yoga For Student Focus And Concentration in MG Road - St Marks, Bangalore",https://yoga1hour.com/blog/mg-road-st-marks-school-yoga-bangalore/,"School Yoga in MG Road - St Marks, Bangalore | Yoga 1 Hour","Explore Yoga 1 Hour school yoga sessions in MG Road - St Marks, Bangalore, designed for children with age-appropriate yoga, breathing, awareness and healthy routines."
46,School Yoga,Central,Ashok Nagar - Shanti Nagar,"Yoga For Exam Stress in Ashok Nagar - Shanti Nagar, Bangalore",https://yoga1hour.com/blog/ashok-nagar-shanti-nagar-school-yoga-bangalore/,School Yoga in Ashok Nagar - Shanti Nagar | Yoga 1 Hour,"Explore Yoga 1 Hour school yoga sessions in Ashok Nagar - Shanti Nagar, Bangalore, designed for children with age-appropriate yoga, breathing, awareness and healthy routines."
47,School Yoga,Central,Benson Town,"Morning Yoga For School Children in Benson Town, Bangalore",https://yoga1hour.com/blog/benson-town-school-yoga-bangalore/,"School Yoga in Benson Town, Bangalore | Yoga 1 Hour","Explore Yoga 1 Hour school yoga sessions in Benson Town, Bangalore, designed for children with age-appropriate yoga, breathing, awareness and healthy routines."
48,School Yoga,Central,Frazer Town - Spencer Rd,"After-School Yoga Programs in Frazer Town - Spencer Rd, Bangalore",https://yoga1hour.com/blog/frazer-town-spencer-rd-school-yoga-bangalore/,"School Yoga in Frazer Town - Spencer Rd, Bangalore | Yoga 1 Hour","Explore Yoga 1 Hour school yoga sessions in Frazer Town - Spencer Rd, Bangalore, designed for children with age-appropriate yoga, breathing, awareness and healthy routines."
49,School Yoga,Central,Ulsoor - Defence Colony,"Small-Batch Yoga For Children in Ulsoor - Defence Colony, Bangalore",https://yoga1hour.com/blog/ulsoor-defence-colony-school-yoga-bangalore/,"School Yoga in Ulsoor - Defence Colony, Bangalore | Yoga 1 Hour","Explore Yoga 1 Hour school yoga sessions in Ulsoor - Defence Colony, Bangalore, designed for children with age-appropriate yoga, breathing, awareness and healthy routines."
50,School Yoga,Central,Infantry Road,"Yoga For Healthy Student Routines in Infantry Road, Bangalore",https://yoga1hour.com/blog/infantry-road-school-yoga-bangalore/,"School Yoga in Infantry Road, Bangalore | Yoga 1 Hour","Explore Yoga 1 Hour school yoga sessions in Infantry Road, Bangalore, designed for children with age-appropriate yoga, breathing, awareness and healthy routines."
51,Corporate Yoga,North,Sadashivanagar,"Corporate Yoga Classes in Sadashivanagar, Bangalore",https://yoga1hour.com/blog/sadashivanagar-corporate-yoga-bangalore/,"Corporate Yoga in Sadashivanagar, Bangalore | Yoga 1 Hour","Discover Yoga 1 Hour corporate yoga sessions in Sadashivanagar, Bangalore, with practical yoga, breathing and relaxation sessions for workplace teams."
52,Corporate Yoga,North,Dollars Colony,"Office Yoga Programs in Dollars Colony, Bangalore",https://yoga1hour.com/blog/dollars-colony-corporate-yoga-bangalore/,"Corporate Yoga in Dollars Colony, Bangalore | Yoga 1 Hour","Discover Yoga 1 Hour corporate yoga sessions in Dollars Colony, Bangalore, with practical yoga, breathing and relaxation sessions for workplace teams."
53,Corporate Yoga,North,RMV Extension,"Workplace Yoga in RMV Extension, Bangalore",https://yoga1hour.com/blog/rmv-extension-corporate-yoga-bangalore/,"Corporate Yoga in RMV Extension, Bangalore | Yoga 1 Hour","Discover Yoga 1 Hour corporate yoga sessions in RMV Extension, Bangalore, with practical yoga, breathing and relaxation sessions for workplace teams."
54,Corporate Yoga,North,Sanjay Nagar / Hebbal,"Employee Wellness Yoga in Sanjay Nagar / Hebbal, Bangalore",https://yoga1hour.com/blog/sanjay-nagar-hebbal-corporate-yoga-bangalore/,"Corporate Yoga in Sanjay Nagar / Hebbal, Bangalore | Yoga 1 Hour","Discover Yoga 1 Hour corporate yoga sessions in Sanjay Nagar / Hebbal, Bangalore, with practical yoga, breathing and relaxation sessions for workplace teams."
55,Corporate Yoga,North,Jakkur - Yelahanka,"Yoga For Workplace Stress in Jakkur - Yelahanka, Bangalore",https://yoga1hour.com/blog/jakkur-yelahanka-corporate-yoga-bangalore/,"Corporate Yoga in Jakkur - Yelahanka, Bangalore | Yoga 1 Hour","Discover Yoga 1 Hour corporate yoga sessions in Jakkur - Yelahanka, Bangalore, with practical yoga, breathing and relaxation sessions for workplace teams."
56,Corporate Yoga,North,Sahakar Nagar,"Morning Corporate Yoga in Sahakar Nagar, Bangalore",https://yoga1hour.com/blog/sahakar-nagar-corporate-yoga-bangalore/,"Corporate Yoga in Sahakar Nagar, Bangalore | Yoga 1 Hour","Discover Yoga 1 Hour corporate yoga sessions in Sahakar Nagar, Bangalore, with practical yoga, breathing and relaxation sessions for workplace teams."
57,Corporate Yoga,North,Palace Orchards,"After-Work De-Stress Yoga in Palace Orchards, Bangalore",https://yoga1hour.com/blog/palace-orchards-corporate-yoga-bangalore/,"Corporate Yoga in Palace Orchards, Bangalore | Yoga 1 Hour","Discover Yoga 1 Hour corporate yoga sessions in Palace Orchards, Bangalore, with practical yoga, breathing and relaxation sessions for workplace teams."
58,Corporate Yoga,North,RT Nagar - Ganga Nagar,"Small-Group Office Yoga in RT Nagar - Ganga Nagar, Bangalore",https://yoga1hour.com/blog/rt-nagar-ganga-nagar-corporate-yoga-bangalore/,"Corporate Yoga in RT Nagar - Ganga Nagar, Bangalore | Yoga 1 Hour","Discover Yoga 1 Hour corporate yoga sessions in RT Nagar - Ganga Nagar, Bangalore, with practical yoga, breathing and relaxation sessions for workplace teams."
59,Corporate Yoga,North,Thanisandra,"Yoga For Focus And Creativity At Work in Thanisandra, Bangalore",https://yoga1hour.com/blog/thanisandra-corporate-yoga-bangalore/,"Corporate Yoga in Thanisandra, Bangalore | Yoga 1 Hour","Discover Yoga 1 Hour corporate yoga sessions in Thanisandra, Bangalore, with practical yoga, breathing and relaxation sessions for workplace teams."
60,Corporate Yoga,North,Yelahanka New Town,"Corporate Breathing And Meditation Sessions in Yelahanka New Town, Bangalore",https://yoga1hour.com/blog/yelahanka-new-town-corporate-yoga-bangalore/,"Corporate Yoga in Yelahanka New Town, Bangalore | Yoga 1 Hour","Discover Yoga 1 Hour corporate yoga sessions in Yelahanka New Town, Bangalore, with practical yoga, breathing and relaxation sessions for workplace teams."
61,Corporate Yoga,South,Jayanagar,"Corporate Yoga Classes in Jayanagar, Bangalore",https://yoga1hour.com/blog/jayanagar-corporate-yoga-bangalore/,"Corporate Yoga in Jayanagar, Bangalore | Yoga 1 Hour","Discover Yoga 1 Hour corporate yoga sessions in Jayanagar, Bangalore, with practical yoga, breathing and relaxation sessions for workplace teams."
62,Corporate Yoga,South,JP Nagar 7th Phase,"Office Yoga Programs in JP Nagar 7th Phase, Bangalore",https://yoga1hour.com/blog/jp-nagar-7th-phase-corporate-yoga-bangalore/,"Corporate Yoga in JP Nagar 7th Phase, Bangalore | Yoga 1 Hour","Discover Yoga 1 Hour corporate yoga sessions in JP Nagar 7th Phase, Bangalore, with practical yoga, breathing and relaxation sessions for workplace teams."
63,Corporate Yoga,South,Koramangala 3rd & 4th,"Workplace Yoga in Koramangala 3rd & 4th, Bangalore",https://yoga1hour.com/blog/koramangala-3rd-4th-corporate-yoga-bangalore/,"Corporate Yoga in Koramangala 3rd & 4th, Bangalore | Yoga 1 Hour","Discover Yoga 1 Hour corporate yoga sessions in Koramangala 3rd & 4th, Bangalore, with practical yoga, breathing and relaxation sessions for workplace teams."
64,Corporate Yoga,South,HSR Layout Sector 1 & 2,"Employee Wellness Yoga in HSR Layout Sector 1 & 2, Bangalore",https://yoga1hour.com/blog/hsr-layout-sector-1-2-corporate-yoga-bangalore/,Corporate Yoga in HSR Layout Sector 1 & 2 | Yoga 1 Hour,"Discover Yoga 1 Hour corporate yoga sessions in HSR Layout Sector 1 & 2, Bangalore, with practical yoga, breathing and relaxation sessions for workplace teams."
65,Corporate Yoga,South,Basavanagudi,"Yoga For Workplace Stress in Basavanagudi, Bangalore",https://yoga1hour.com/blog/basavanagudi-corporate-yoga-bangalore/,"Corporate Yoga in Basavanagudi, Bangalore | Yoga 1 Hour","Discover Yoga 1 Hour corporate yoga sessions in Basavanagudi, Bangalore, with practical yoga, breathing and relaxation sessions for workplace teams."
66,Corporate Yoga,South,Banashankari 2nd Stage,"Morning Corporate Yoga in Banashankari 2nd Stage, Bangalore",https://yoga1hour.com/blog/banashankari-2nd-stage-corporate-yoga-bangalore/,"Corporate Yoga in Banashankari 2nd Stage, Bangalore | Yoga 1 Hour","Discover Yoga 1 Hour corporate yoga sessions in Banashankari 2nd Stage, Bangalore, with practical yoga, breathing and relaxation sessions for workplace teams."
67,Corporate Yoga,South,Padmanabhanagar,"After-Work De-Stress Yoga in Padmanabhanagar, Bangalore",https://yoga1hour.com/blog/padmanabhanagar-corporate-yoga-bangalore/,"Corporate Yoga in Padmanabhanagar, Bangalore | Yoga 1 Hour","Discover Yoga 1 Hour corporate yoga sessions in Padmanabhanagar, Bangalore, with practical yoga, breathing and relaxation sessions for workplace teams."
68,Corporate Yoga,South,BTM Layout 2nd Stage,"Small-Group Office Yoga in BTM Layout 2nd Stage, Bangalore",https://yoga1hour.com/blog/btm-layout-2nd-stage-corporate-yoga-bangalore/,"Corporate Yoga in BTM Layout 2nd Stage, Bangalore | Yoga 1 Hour","Discover Yoga 1 Hour corporate yoga sessions in BTM Layout 2nd Stage, Bangalore, with practical yoga, breathing and relaxation sessions for workplace teams."
69,Corporate Yoga,South,Sarjapur - Palm Meadows,"Yoga For Focus And Creativity At Work in Sarjapur - Palm Meadows, Bangalore",https://yoga1hour.com/blog/sarjapur-palm-meadows-corporate-yoga-bangalore/,Corporate Yoga in Sarjapur - Palm Meadows | Yoga 1 Hour,"Discover Yoga 1 Hour corporate yoga sessions in Sarjapur - Palm Meadows, Bangalore, with practical yoga, breathing and relaxation sessions for workplace teams."
70,Corporate Yoga,South,Arekere - Hulimavu,"Corporate Breathing And Meditation Sessions in Arekere - Hulimavu, Bangalore",https://yoga1hour.com/blog/arekere-hulimavu-corporate-yoga-bangalore/,"Corporate Yoga in Arekere - Hulimavu, Bangalore | Yoga 1 Hour","Discover Yoga 1 Hour corporate yoga sessions in Arekere - Hulimavu, Bangalore, with practical yoga, breathing and relaxation sessions for workplace teams."
71,Corporate Yoga,East,Indiranagar 100ft Road,"Corporate Yoga Classes in Indiranagar 100ft Road, Bangalore",https://yoga1hour.com/blog/indiranagar-100ft-road-corporate-yoga-bangalore/,"Corporate Yoga in Indiranagar 100ft Road, Bangalore | Yoga 1 Hour","Discover Yoga 1 Hour corporate yoga sessions in Indiranagar 100ft Road, Bangalore, with practical yoga, breathing and relaxation sessions for workplace teams."
72,Corporate Yoga,East,Domlur - Defence Colony,"Office Yoga Programs in Domlur - Defence Colony, Bangalore",https://yoga1hour.com/blog/domlur-defence-colony-corporate-yoga-bangalore/,Corporate Yoga in Domlur - Defence Colony | Yoga 1 Hour,"Discover Yoga 1 Hour corporate yoga sessions in Domlur - Defence Colony, Bangalore, with practical yoga, breathing and relaxation sessions for workplace teams."
73,Corporate Yoga,East,Whitefield - Palm Meadows,"Workplace Yoga in Whitefield - Palm Meadows, Bangalore",https://yoga1hour.com/blog/whitefield-palm-meadows-corporate-yoga-bangalore/,Corporate Yoga in Whitefield - Palm Meadows | Yoga 1 Hour,"Discover Yoga 1 Hour corporate yoga sessions in Whitefield - Palm Meadows, Bangalore, with practical yoga, breathing and relaxation sessions for workplace teams."
74,Corporate Yoga,East,Sarjapur Road,"Employee Wellness Yoga in Sarjapur Road, Bangalore",https://yoga1hour.com/blog/sarjapur-road-corporate-yoga-bangalore/,"Corporate Yoga in Sarjapur Road, Bangalore | Yoga 1 Hour","Discover Yoga 1 Hour corporate yoga sessions in Sarjapur Road, Bangalore, with practical yoga, breathing and relaxation sessions for workplace teams."
75,Corporate Yoga,East,Old Airport Road,"Yoga For Workplace Stress in Old Airport Road, Bangalore",https://yoga1hour.com/blog/old-airport-road-corporate-yoga-bangalore/,"Corporate Yoga in Old Airport Road, Bangalore | Yoga 1 Hour","Discover Yoga 1 Hour corporate yoga sessions in Old Airport Road, Bangalore, with practical yoga, breathing and relaxation sessions for workplace teams."
76,Corporate Yoga,East,CV Raman Nagar,"Morning Corporate Yoga in CV Raman Nagar, Bangalore",https://yoga1hour.com/blog/cv-raman-nagar-corporate-yoga-bangalore/,"Corporate Yoga in CV Raman Nagar, Bangalore | Yoga 1 Hour","Discover Yoga 1 Hour corporate yoga sessions in CV Raman Nagar, Bangalore, with practical yoga, breathing and relaxation sessions for workplace teams."
77,Corporate Yoga,East,Varthur - Prestige Acropolis,"After-Work De-Stress Yoga in Varthur - Prestige Acropolis, Bangalore",https://yoga1hour.com/blog/varthur-prestige-acropolis-corporate-yoga-bangalore/,Corporate Yoga in Varthur - Prestige Acropolis | Yoga 1 Hour,"Discover Yoga 1 Hour corporate yoga sessions in Varthur - Prestige Acropolis, Bangalore, with practical yoga, breathing and relaxation sessions for workplace teams."
78,Corporate Yoga,East,Jeevan Bhimanagar,"Small-Group Office Yoga in Jeevan Bhimanagar, Bangalore",https://yoga1hour.com/blog/jeevan-bhimanagar-corporate-yoga-bangalore/,"Corporate Yoga in Jeevan Bhimanagar, Bangalore | Yoga 1 Hour","Discover Yoga 1 Hour corporate yoga sessions in Jeevan Bhimanagar, Bangalore, with practical yoga, breathing and relaxation sessions for workplace teams."
79,Corporate Yoga,East,Marathahalli - ECC Road,"Yoga For Focus And Creativity At Work in Marathahalli - ECC Road, Bangalore",https://yoga1hour.com/blog/marathahalli-ecc-road-corporate-yoga-bangalore/,Corporate Yoga in Marathahalli - ECC Road | Yoga 1 Hour,"Discover Yoga 1 Hour corporate yoga sessions in Marathahalli - ECC Road, Bangalore, with practical yoga, breathing and relaxation sessions for workplace teams."
80,Corporate Yoga,East,Brookefield - AECS,"Corporate Breathing And Meditation Sessions in Brookefield - AECS, Bangalore",https://yoga1hour.com/blog/brookefield-aecs-corporate-yoga-bangalore/,"Corporate Yoga in Brookefield - AECS, Bangalore | Yoga 1 Hour","Discover Yoga 1 Hour corporate yoga sessions in Brookefield - AECS, Bangalore, with practical yoga, breathing and relaxation sessions for workplace teams."
81,Corporate Yoga,West,Rajajinagar 2nd & 1st,"Corporate Yoga Classes in Rajajinagar 2nd & 1st, Bangalore",https://yoga1hour.com/blog/rajajinagar-2nd-1st-corporate-yoga-bangalore/,"Corporate Yoga in Rajajinagar 2nd & 1st, Bangalore | Yoga 1 Hour","Discover Yoga 1 Hour corporate yoga sessions in Rajajinagar 2nd & 1st, Bangalore, with practical yoga, breathing and relaxation sessions for workplace teams."
82,Corporate Yoga,West,Malleshwaram,"Office Yoga Programs in Malleshwaram, Bangalore",https://yoga1hour.com/blog/malleshwaram-corporate-yoga-bangalore/,"Corporate Yoga in Malleshwaram, Bangalore | Yoga 1 Hour","Discover Yoga 1 Hour corporate yoga sessions in Malleshwaram, Bangalore, with practical yoga, breathing and relaxation sessions for workplace teams."
83,Corporate Yoga,West,Basaveshwaranagar,"Workplace Yoga in Basaveshwaranagar, Bangalore",https://yoga1hour.com/blog/basaveshwaranagar-corporate-yoga-bangalore/,"Corporate Yoga in Basaveshwaranagar, Bangalore | Yoga 1 Hour","Discover Yoga 1 Hour corporate yoga sessions in Basaveshwaranagar, Bangalore, with practical yoga, breathing and relaxation sessions for workplace teams."
84,Corporate Yoga,West,Raj Mahal Vilas Layout,"Employee Wellness Yoga in Raj Mahal Vilas Layout, Bangalore",https://yoga1hour.com/blog/raj-mahal-vilas-layout-corporate-yoga-bangalore/,"Corporate Yoga in Raj Mahal Vilas Layout, Bangalore | Yoga 1 Hour","Discover Yoga 1 Hour corporate yoga sessions in Raj Mahal Vilas Layout, Bangalore, with practical yoga, breathing and relaxation sessions for workplace teams."
85,Corporate Yoga,West,Vijayanagar,"Yoga For Workplace Stress in Vijayanagar, Bangalore",https://yoga1hour.com/blog/vijayanagar-corporate-yoga-bangalore/,"Corporate Yoga in Vijayanagar, Bangalore | Yoga 1 Hour","Discover Yoga 1 Hour corporate yoga sessions in Vijayanagar, Bangalore, with practical yoga, breathing and relaxation sessions for workplace teams."
86,Corporate Yoga,West,Banashankari 1st Stage,"Morning Corporate Yoga in Banashankari 1st Stage, Bangalore",https://yoga1hour.com/blog/banashankari-1st-stage-corporate-yoga-bangalore/,"Corporate Yoga in Banashankari 1st Stage, Bangalore | Yoga 1 Hour","Discover Yoga 1 Hour corporate yoga sessions in Banashankari 1st Stage, Bangalore, with practical yoga, breathing and relaxation sessions for workplace teams."
87,Corporate Yoga,West,Nagarbhavi 2nd Stage,"After-Work De-Stress Yoga in Nagarbhavi 2nd Stage, Bangalore",https://yoga1hour.com/blog/nagarbhavi-2nd-stage-corporate-yoga-bangalore/,"Corporate Yoga in Nagarbhavi 2nd Stage, Bangalore | Yoga 1 Hour","Discover Yoga 1 Hour corporate yoga sessions in Nagarbhavi 2nd Stage, Bangalore, with practical yoga, breathing and relaxation sessions for workplace teams."
88,Corporate Yoga,West,Kumaraswamy Layout,"Small-Group Office Yoga in Kumaraswamy Layout, Bangalore",https://yoga1hour.com/blog/kumaraswamy-layout-corporate-yoga-bangalore/,"Corporate Yoga in Kumaraswamy Layout, Bangalore | Yoga 1 Hour","Discover Yoga 1 Hour corporate yoga sessions in Kumaraswamy Layout, Bangalore, with practical yoga, breathing and relaxation sessions for workplace teams."
89,Corporate Yoga,West,Uttarahalli,"Yoga For Focus And Creativity At Work in Uttarahalli, Bangalore",https://yoga1hour.com/blog/uttarahalli-corporate-yoga-bangalore/,"Corporate Yoga in Uttarahalli, Bangalore | Yoga 1 Hour","Discover Yoga 1 Hour corporate yoga sessions in Uttarahalli, Bangalore, with practical yoga, breathing and relaxation sessions for workplace teams."
90,Corporate Yoga,West,RR Nagar - Ideal Homes,"Corporate Breathing And Meditation Sessions in RR Nagar - Ideal Homes, Bangalore",https://yoga1hour.com/blog/rr-nagar-ideal-homes-corporate-yoga-bangalore/,"Corporate Yoga in RR Nagar - Ideal Homes, Bangalore | Yoga 1 Hour","Discover Yoga 1 Hour corporate yoga sessions in RR Nagar - Ideal Homes, Bangalore, with practical yoga, breathing and relaxation sessions for workplace teams."
91,Corporate Yoga,Central,Lavelle Road,"Corporate Yoga Classes in Lavelle Road, Bangalore",https://yoga1hour.com/blog/lavelle-road-corporate-yoga-bangalore/,"Corporate Yoga in Lavelle Road, Bangalore | Yoga 1 Hour","Discover Yoga 1 Hour corporate yoga sessions in Lavelle Road, Bangalore, with practical yoga, breathing and relaxation sessions for workplace teams."
92,Corporate Yoga,Central,Vittal Mallya Road,"Office Yoga Programs in Vittal Mallya Road, Bangalore",https://yoga1hour.com/blog/vittal-mallya-road-corporate-yoga-bangalore/,"Corporate Yoga in Vittal Mallya Road, Bangalore | Yoga 1 Hour","Discover Yoga 1 Hour corporate yoga sessions in Vittal Mallya Road, Bangalore, with practical yoga, breathing and relaxation sessions for workplace teams."
93,Corporate Yoga,Central,Richmond & Langford Town,"Workplace Yoga in Richmond & Langford Town, Bangalore",https://yoga1hour.com/blog/richmond-langford-town-corporate-yoga-bangalore/,Corporate Yoga in Richmond & Langford Town | Yoga 1 Hour,"Discover Yoga 1 Hour corporate yoga sessions in Richmond & Langford Town, Bangalore, with practical yoga, breathing and relaxation sessions for workplace teams."
94,Corporate Yoga,Central,Cunningham Road,"Employee Wellness Yoga in Cunningham Road, Bangalore",https://yoga1hour.com/blog/cunningham-road-corporate-yoga-bangalore/,"Corporate Yoga in Cunningham Road, Bangalore | Yoga 1 Hour","Discover Yoga 1 Hour corporate yoga sessions in Cunningham Road, Bangalore, with practical yoga, breathing and relaxation sessions for workplace teams."
95,Corporate Yoga,Central,MG Road - St Marks,"Yoga For Workplace Stress in MG Road - St Marks, Bangalore",https://yoga1hour.com/blog/mg-road-st-marks-corporate-yoga-bangalore/,"Corporate Yoga in MG Road - St Marks, Bangalore | Yoga 1 Hour","Discover Yoga 1 Hour corporate yoga sessions in MG Road - St Marks, Bangalore, with practical yoga, breathing and relaxation sessions for workplace teams."
96,Corporate Yoga,Central,Ashok Nagar - Shanti Nagar,"Morning Corporate Yoga in Ashok Nagar - Shanti Nagar, Bangalore",https://yoga1hour.com/blog/ashok-nagar-shanti-nagar-corporate-yoga-bangalore/,Corporate Yoga in Ashok Nagar - Shanti Nagar | Yoga 1 Hour,"Discover Yoga 1 Hour corporate yoga sessions in Ashok Nagar - Shanti Nagar, Bangalore, with practical yoga, breathing and relaxation sessions for workplace teams."
97,Corporate Yoga,Central,Benson Town,"After-Work De-Stress Yoga in Benson Town, Bangalore",https://yoga1hour.com/blog/benson-town-corporate-yoga-bangalore/,"Corporate Yoga in Benson Town, Bangalore | Yoga 1 Hour","Discover Yoga 1 Hour corporate yoga sessions in Benson Town, Bangalore, with practical yoga, breathing and relaxation sessions for workplace teams."
98,Corporate Yoga,Central,Frazer Town - Spencer Rd,"Small-Group Office Yoga in Frazer Town - Spencer Rd, Bangalore",https://yoga1hour.com/blog/frazer-town-spencer-rd-corporate-yoga-bangalore/,Corporate Yoga in Frazer Town - Spencer Rd | Yoga 1 Hour,"Discover Yoga 1 Hour corporate yoga sessions in Frazer Town - Spencer Rd, Bangalore, with practical yoga, breathing and relaxation sessions for workplace teams."
99,Corporate Yoga,Central,Ulsoor - Defence Colony,"Yoga For Focus And Creativity At Work in Ulsoor - Defence Colony, Bangalore",https://yoga1hour.com/blog/ulsoor-defence-colony-corporate-yoga-bangalore/,Corporate Yoga in Ulsoor - Defence Colony | Yoga 1 Hour,"Discover Yoga 1 Hour corporate yoga sessions in Ulsoor - Defence Colony, Bangalore, with practical yoga, breathing and relaxation sessions for workplace teams."
100,Corporate Yoga,Central,Infantry Road,"Corporate Breathing And Meditation Sessions in Infantry Road, Bangalore",https://yoga1hour.com/blog/infantry-road-corporate-yoga-bangalore/,"Corporate Yoga in Infantry Road, Bangalore | Yoga 1 Hour","Discover Yoga 1 Hour corporate yoga sessions in Infantry Road, Bangalore, with practical yoga, breathing and relaxation sessions for workplace teams."
